Model,Accuracy
RandomForest,0.7955997161107168
LogisticRegression,0.7721788502484032
SVM,0.7572746628814763
TensorFlow,0.7012065294535131
PyTorch,0.63875088715401
