Model,Accuracy
RandomForest,0.9995786664794073
TensorFlow,0.9994908886626171
SVM,0.9993153330290369
LogisticRegression,0.9991222218320986
PyTorch,0.9982795547909132
