Model,Accuracy
RandomForest,0.9853658536585366
TensorFlow,0.9170731707317074
SVM,0.8878048780487805
PyTorch,0.8878048780487805
LogisticRegression,0.7951219512195122
